{
  "means": {
    "shape": [
      185761,
      3
    ],
    "dtype": "float32",
    "mins": [
      -1.3725402355194092,
      -0.10938581824302673,
      -1.132434368133545
    ],
    "maxs": [
      1.1181927919387817,
      0.6560835838317871,
      1.2569025754928589
    ],
    "files": [
      "means_l.webp",
      "means_u.webp"
    ]
  },
  "scales": {
    "shape": [
      185761,
      3
    ],
    "dtype": "float32",
    "mins": [
      -10.54001522064209,
      -12.263609886169434,
      -12.166268348693848
    ],
    "maxs": [
      -0.641502320766449,
      -0.37126782536506653,
      -0.4051229655742645
    ],
    "files": [
      "scales.webp"
    ]
  },
  "quats": {
    "shape": [
      185761,
      4
    ],
    "dtype": "uint8",
    "encoding": "quaternion_packed",
    "files": [
      "quats.webp"
    ]
  },
  "sh0": {
    "shape": [
      185761,
      1,
      4
    ],
    "dtype": "float32",
    "mins": [
      -1.770227313041687,
      -1.7695947885513306,
      -1.771390438079834,
      -4.861138343811035
    ],
    "maxs": [
      1.7716100215911865,
      1.7703741788864136,
      1.7721275091171265,
      9.343568801879883
    ],
    "files": [
      "sh0.webp"
    ]
  },
  "shN": {
    "shape": [
      185761,
      45
    ],
    "dtype": "float32",
    "mins": -0.053355831652879715,
    "maxs": 0.05154523253440857,
    "quantization": 8,
    "files": [
      "shN_centroids.webp",
      "shN_labels.webp"
    ]
  }
}